S00194,Diana,100
S00329,Manoj,100
S00354,Jack,100
S00464,Jack,100
S00524,Bob,100
S00542,Jack,100
S00777,Eva,100
S00814,Liya,100
S00891,Eva,100
S00942,Grace,100
S00951,Riya,100
S01057,Frank,100
S01058,Liya,100
S01101,Nisha,100
S01104,Priya,100
S01135,Sanjay,100
S01201,Qadir,100
S01242,Frank,100
S01276,Charlie,100
S01488,Tara,100
S01633,Liya,100
S01671,Diana,100
S01745,Bob,100
S01765,Karan,100
S01900,Ivy,100
S01953,Manoj,100
S02093,Alice,100
S02216,Bob,100
S02346,Om,100
S02481,Karan,100
S02622,Jack,100
S02637,Tara,100
S02722,Diana,100
S02767,Ivy,100
S02887,Ivy,100
S02988,Ivy,100
S03083,Qadir,100
S03198,Manoj,100
S03295,Tara,100
S03363,Bob,100
S03447,Bob,100
S03584,Grace,100
S03586,Riya,100
S03600,Frank,100
S03678,Riya,100
S03764,Ivy,100
S03827,Riya,100
S03840,Riya,100
S03870,Eva,100
S03875,Tara,100
